id,recency,log_history,mens,womens,newbie,urban,true_tau
103400,12.0,5.0963939882647935,0.0,1.0,0.0,0.0,0.0
103401,3.0,4.753734308689461,0.0,0.0,0.0,1.0,0.0
103402,10.0,3.389111081541661,1.0,1.0,1.0,0.0,-0.04
103403,9.0,3.025913802999441,1.0,0.0,0.0,0.0,-0.04
103404,10.0,4.030285748021626,1.0,0.0,1.0,0.0,-0.04
103405,2.0,3.6137069309195784,0.0,1.0,1.0,0.0,0.26
103406,6.0,5.497710371149983,0.0,0.0,1.0,0.0,0.0
103407,11.0,2.7508518063419283,1.0,0.0,0.0,0.0,-0.04
103408,7.0,2.4439504470422273,0.0,0.0,0.0,0.0,0.0
103409,3.0,3.792614634507278,1.0,1.0,1.0,0.0,0.26
103410,1.0,4.027640659812279,0.0,0.0,0.0,1.0,0.0
103411,9.0,4.135480302857758,1.0,1.0,1.0,1.0,-0.04
103412,1.0,4.687334394304403,0.0,1.0,1.0,1.0,0.26
103413,11.0,5.868832249389817,1.0,0.0,0.0,0.0,0.0
103414,8.0,3.7165108247464227,0.0,0.0,0.0,1.0,0.0
103415,4.0,3.539524470036601,0.0,1.0,1.0,1.0,0.26
103416,3.0,2.5021448078979103,0.0,1.0,1.0,0.0,0.26
103417,2.0,4.233670277908986,0.0,1.0,0.0,0.0,0.091
103418,5.0,4.776528526065107,1.0,0.0,0.0,1.0,0.0
103419,8.0,3.788495862118901,1.0,1.0,0.0,1.0,0.091
103420,4.0,5.06886296121859,1.0,1.0,0.0,0.0,0.0
103421,6.0,4.044927020220703,1.0,1.0,0.0,0.0,0.091
103422,8.0,5.368041968794534,1.0,1.0,0.0,1.0,0.0
103423,6.0,4.313299968656185,1.0,0.0,0.0,1.0,0.0
103424,3.0,3.0948924578624033,0.0,1.0,0.0,1.0,0.091
103425,10.0,3.4588337319859424,0.0,1.0,0.0,0.0,0.091
103426,9.0,2.6899283822823734,0.0,1.0,0.0,0.0,0.091
103427,6.0,2.5204825816883596,0.0,1.0,0.0,0.0,0.091
103428,3.0,4.254525035841102,1.0,0.0,1.0,1.0,0.0
103429,6.0,4.790977188667055,0.0,0.0,0.0,0.0,0.0
103430,5.0,5.761985466617642,0.0,0.0,1.0,0.0,0.0
103431,6.0,3.9694087559780047,0.0,1.0,1.0,0.0,0.26
103432,2.0,3.809241080138827,0.0,1.0,0.0,1.0,0.091
103433,6.0,3.050365639041046,0.0,1.0,1.0,0.0,0.26
103434,1.0,4.896085163060472,0.0,0.0,0.0,0.0,0.0
103435,5.0,4.363079960265471,0.0,1.0,1.0,1.0,0.26
103436,9.0,3.495195073546419,0.0,0.0,0.0,0.0,0.0
103437,2.0,4.629485507808565,0.0,0.0,1.0,1.0,0.0
103438,2.0,4.516204607449234,1.0,1.0,1.0,0.0,0.26
103439,4.0,2.4110477669913677,1.0,0.0,0.0,0.0,0.0
103440,11.0,4.677767761750976,1.0,0.0,0.0,1.0,-0.04
103441,4.0,4.138572605203215,0.0,1.0,1.0,1.0,0.26
103442,12.0,3.6733894346526164,1.0,1.0,0.0,1.0,-0.04
103443,3.0,3.6509376384249386,1.0,1.0,1.0,0.0,0.26
103444,1.0,5.577351813778818,0.0,1.0,0.0,1.0,0.0
103445,10.0,5.386952842932656,0.0,0.0,0.0,0.0,0.0
103446,2.0,5.646882475970284,1.0,0.0,1.0,1.0,0.0
103447,2.0,3.0164167873074716,0.0,1.0,1.0,1.0,0.26
103448,7.0,3.4434312555371207,1.0,1.0,1.0,0.0,0.26
103449,3.0,4.823011407583208,1.0,1.0,1.0,1.0,0.0
103450,8.0,2.965300151581739,1.0,1.0,0.0,0.0,0.091
103451,7.0,3.3862388269157284,1.0,1.0,0.0,0.0,0.091
103452,9.0,2.465008636480204,0.0,1.0,0.0,1.0,0.091
103453,4.0,5.671232218987741,0.0,0.0,0.0,1.0,0.0
103454,4.0,4.963430178254555,0.0,1.0,0.0,0.0,0.0
103455,3.0,4.424711814419852,0.0,0.0,0.0,1.0,0.0
103456,9.0,4.212223516369287,1.0,0.0,0.0,0.0,-0.04
103457,5.0,3.6508928313394646,1.0,0.0,0.0,0.0,0.0
103458,11.0,3.6677750532776967,1.0,1.0,0.0,1.0,-0.04
103459,7.0,4.564586372893704,0.0,1.0,0.0,1.0,0.091
103460,10.0,3.3935653718919587,0.0,1.0,0.0,0.0,0.091
103461,9.0,5.110705730184338,0.0,1.0,1.0,1.0,0.0
103462,9.0,3.584812749476145,1.0,1.0,0.0,0.0,-0.04
103463,12.0,3.2532778996809077,0.0,1.0,0.0,0.0,0.091
103464,6.0,5.173889436314517,0.0,1.0,0.0,1.0,0.0
103465,11.0,3.891054448341472,1.0,0.0,0.0,1.0,-0.04
103466,10.0,4.510441999969842,0.0,1.0,0.0,1.0,0.091
103467,6.0,3.6528160712352706,1.0,0.0,0.0,0.0,0.0
103468,9.0,2.1048599691672996,0.0,1.0,1.0,0.0,0.26
103469,6.0,4.503613125418625,1.0,1.0,0.0,0.0,0.091
103470,8.0,2.847710455247354,0.0,0.0,0.0,0.0,0.0
103471,5.0,4.980898476756984,0.0,0.0,0.0,1.0,0.0
103472,6.0,2.6756143318429673,0.0,0.0,1.0,1.0,0.0
103473,3.0,2.415213908357717,0.0,0.0,0.0,0.0,0.0
103474,8.0,4.290665529004344,0.0,1.0,0.0,1.0,0.091
103475,12.0,4.395157104978905,1.0,1.0,0.0,0.0,-0.04
103476,5.0,4.112519902257928,1.0,0.0,0.0,1.0,0.0
103477,1.0,2.960937427232047,1.0,0.0,1.0,0.0,0.0
103478,9.0,4.807877488822059,0.0,0.0,1.0,0.0,0.0
103479,3.0,2.7479811465528385,1.0,1.0,1.0,0.0,0.26
103480,9.0,3.6095990614596625,0.0,1.0,0.0,0.0,0.091
103481,8.0,3.32723713995354,1.0,1.0,0.0,0.0,0.091
103482,12.0,3.6854965485845144,0.0,0.0,0.0,0.0,0.0
103483,8.0,4.775967960475379,1.0,1.0,0.0,0.0,0.0
103484,2.0,3.461225419570787,1.0,0.0,1.0,0.0,0.0
103485,4.0,4.518912208591446,0.0,0.0,0.0,1.0,0.0
103486,4.0,4.634490156355424,1.0,1.0,1.0,1.0,0.26
103487,12.0,2.5420400399507965,0.0,0.0,0.0,1.0,0.0
103488,11.0,3.0010895218214637,0.0,0.0,0.0,0.0,0.0
103489,5.0,3.6805161367590706,0.0,0.0,0.0,0.0,0.0
103490,11.0,3.497821275342219,1.0,1.0,1.0,1.0,-0.04
103491,8.0,4.290694431383442,0.0,1.0,1.0,0.0,0.26
103492,4.0,2.3606203781338633,1.0,1.0,1.0,0.0,0.26
103493,2.0,4.658062140304432,1.0,0.0,1.0,0.0,0.0
103494,11.0,4.679443776216605,1.0,0.0,0.0,1.0,-0.04
103495,11.0,3.86967036847768,1.0,0.0,1.0,0.0,-0.04
103496,9.0,2.816900291720984,0.0,1.0,1.0,0.0,0.26
103497,2.0,4.023084932080713,1.0,0.0,1.0,0.0,0.0
103498,7.0,3.545536010794834,0.0,0.0,1.0,0.0,0.0
103499,5.0,4.520914341316,1.0,1.0,1.0,0.0,0.26
103500,9.0,3.942707702636446,0.0,0.0,1.0,0.0,0.0
103501,11.0,4.6648693603404645,1.0,0.0,1.0,0.0,-0.04
103502,7.0,3.636702190843982,0.0,0.0,1.0,1.0,0.0
103503,12.0,5.303340417683659,1.0,0.0,0.0,1.0,0.0
103504,3.0,2.061793489826032,0.0,0.0,0.0,0.0,0.0
103505,11.0,3.1301380507021017,1.0,0.0,1.0,0.0,-0.04
103506,11.0,4.453437917496333,0.0,0.0,1.0,1.0,0.0
103507,10.0,2.709094017623439,1.0,1.0,0.0,0.0,-0.04
103508,12.0,4.671738446753004,0.0,1.0,1.0,0.0,0.26
103509,3.0,2.9582574216103636,0.0,0.0,0.0,0.0,0.0
103510,3.0,4.100579837736544,1.0,0.0,0.0,0.0,0.0
103511,1.0,3.2175948794066698,1.0,1.0,0.0,0.0,0.091
103512,10.0,3.6297949275192245,1.0,0.0,1.0,0.0,-0.04
103513,6.0,4.172692128550344,1.0,0.0,0.0,0.0,0.0
103514,4.0,3.925665304942419,0.0,1.0,0.0,0.0,0.091
103515,1.0,3.6822992256340643,0.0,0.0,0.0,0.0,0.0
103516,4.0,5.940438818768467,1.0,0.0,0.0,0.0,0.0
103517,12.0,4.025629056888676,1.0,0.0,1.0,1.0,-0.04
103518,1.0,3.1699493560387335,0.0,1.0,0.0,0.0,0.091
103519,1.0,4.8427574636913295,1.0,1.0,0.0,0.0,0.0
103520,4.0,4.747308368070088,0.0,1.0,1.0,0.0,0.26
103521,4.0,5.1067061505625375,1.0,0.0,1.0,0.0,0.0
103522,3.0,5.612192260408098,1.0,1.0,1.0,0.0,0.0
103523,3.0,3.196368259264196,0.0,1.0,0.0,0.0,0.091
103524,7.0,4.960603005325186,0.0,0.0,0.0,1.0,0.0
103525,1.0,5.032185386728417,0.0,0.0,0.0,1.0,0.0
103526,12.0,4.0184718992514545,0.0,1.0,0.0,1.0,0.091
103527,6.0,4.235229541915919,1.0,0.0,0.0,0.0,0.0
103528,5.0,1.539041187224238,0.0,0.0,1.0,0.0,0.0
103529,1.0,3.5136850468492797,0.0,0.0,1.0,0.0,0.0
103530,3.0,5.612824354462693,1.0,0.0,0.0,1.0,0.0
103531,11.0,2.47935702062935,0.0,1.0,0.0,0.0,0.091
103532,5.0,3.547106908865931,0.0,0.0,0.0,1.0,0.0
103533,9.0,4.273177843942674,0.0,0.0,1.0,1.0,0.0
103534,2.0,4.528858689058436,0.0,1.0,0.0,1.0,0.091
103535,5.0,5.472597261069976,1.0,0.0,1.0,1.0,0.0
103536,4.0,2.499182435979611,0.0,1.0,1.0,0.0,0.26
103537,11.0,4.055960299184776,1.0,1.0,0.0,0.0,-0.04
103538,5.0,4.782118316075929,0.0,1.0,1.0,0.0,0.0
103539,10.0,2.8757418946483337,1.0,1.0,1.0,1.0,-0.04
103540,12.0,3.9830834763829275,1.0,0.0,0.0,0.0,-0.04
103541,4.0,5.699669128428856,1.0,1.0,0.0,0.0,0.0
103542,3.0,5.1904409042857065,1.0,0.0,0.0,0.0,0.0
103543,11.0,4.496756142972656,0.0,1.0,1.0,0.0,0.26
103544,12.0,1.8234329452296387,0.0,1.0,1.0,0.0,0.26
103545,12.0,3.9030849881817606,1.0,0.0,0.0,1.0,-0.04
103546,2.0,4.360631076797103,0.0,0.0,0.0,1.0,0.0
103547,8.0,3.746261637668034,1.0,1.0,0.0,1.0,0.091
103548,2.0,3.960345221600995,1.0,0.0,0.0,0.0,0.0
103549,5.0,6.776222539765583,0.0,1.0,1.0,0.0,0.0
103550,5.0,3.828950374274815,0.0,1.0,0.0,1.0,0.091
103551,11.0,3.1702339147794554,0.0,0.0,0.0,0.0,0.0
103552,9.0,4.233192807822906,1.0,0.0,0.0,0.0,-0.04
103553,12.0,3.739936273572203,0.0,1.0,0.0,0.0,0.091
103554,11.0,3.745142640614977,0.0,0.0,1.0,0.0,0.0
103555,5.0,3.9412268667683223,0.0,1.0,1.0,0.0,0.26
103556,11.0,4.705721623363859,1.0,0.0,0.0,0.0,-0.04
103557,2.0,4.2284374455894245,0.0,1.0,0.0,0.0,0.091
103558,3.0,2.9712972233531927,1.0,0.0,0.0,0.0,0.0
103559,11.0,3.900994692434699,1.0,1.0,0.0,0.0,-0.04
103560,1.0,4.438882690254026,1.0,1.0,0.0,1.0,0.091
103561,8.0,3.6065671962876036,1.0,0.0,0.0,0.0,0.0
103562,11.0,5.040540691113383,0.0,1.0,1.0,1.0,0.0
103563,3.0,4.708474780499716,0.0,0.0,0.0,0.0,0.0
103564,9.0,3.1520156893441524,0.0,0.0,0.0,1.0,0.0
103565,7.0,4.301456020575782,0.0,0.0,0.0,0.0,0.0
103566,9.0,5.788464719167824,0.0,0.0,1.0,1.0,0.0
103567,4.0,5.4086522351607105,1.0,0.0,0.0,0.0,0.0
103568,2.0,3.9684390711850077,1.0,0.0,1.0,0.0,0.0
103569,12.0,4.8159827951660485,0.0,1.0,0.0,1.0,0.0
103570,2.0,3.42656141598499,1.0,1.0,1.0,0.0,0.26
103571,5.0,2.7619802173410393,1.0,1.0,0.0,1.0,0.091
103572,1.0,4.509947577686225,0.0,0.0,0.0,1.0,0.0
103573,3.0,4.236447950487595,0.0,1.0,0.0,0.0,0.091
103574,8.0,4.474200535836042,1.0,1.0,0.0,1.0,0.091
103575,1.0,3.9963248890280694,1.0,0.0,1.0,0.0,0.0
103576,3.0,4.306941054821015,1.0,0.0,0.0,1.0,0.0
103577,5.0,3.5670230601499164,1.0,1.0,0.0,0.0,0.091
103578,4.0,4.437824734770079,1.0,1.0,1.0,0.0,0.26
103579,12.0,4.758389007628255,0.0,1.0,0.0,0.0,0.091
103580,3.0,3.9665513445531637,1.0,1.0,0.0,0.0,0.091
103581,3.0,4.741495111308804,1.0,1.0,0.0,0.0,0.091
103582,10.0,2.4924776704033667,1.0,1.0,1.0,1.0,-0.04
103583,6.0,3.328889451880018,0.0,0.0,0.0,0.0,0.0
103584,6.0,5.30504129898827,1.0,0.0,1.0,0.0,0.0
103585,12.0,5.589250606095006,0.0,1.0,1.0,1.0,0.0
103586,3.0,4.240048542957124,1.0,0.0,0.0,1.0,0.0
103587,1.0,3.926882360267293,0.0,1.0,1.0,0.0,0.26
103588,11.0,2.91458369278821,0.0,1.0,0.0,0.0,0.091
103589,4.0,4.3403361825833695,1.0,1.0,0.0,1.0,0.091
103590,4.0,4.709643492335015,1.0,1.0,1.0,1.0,0.26
103591,10.0,2.733583595140572,0.0,0.0,1.0,0.0,0.0
103592,8.0,4.514023310126961,0.0,1.0,1.0,0.0,0.26
103593,2.0,4.453308249166717,0.0,0.0,0.0,0.0,0.0
103594,11.0,4.409020087213988,0.0,1.0,0.0,1.0,0.091
103595,12.0,3.034518905241347,0.0,0.0,0.0,1.0,0.0
103596,1.0,4.498843255344621,1.0,1.0,0.0,0.0,0.091
103597,11.0,2.7199979983887292,0.0,0.0,0.0,0.0,0.0
103598,3.0,5.344521901531112,1.0,1.0,1.0,0.0,0.0
103599,2.0,4.137752504898366,1.0,1.0,0.0,0.0,0.091
103600,10.0,3.003594587660378,1.0,0.0,1.0,0.0,-0.04
103601,8.0,5.216110773237692,0.0,0.0,1.0,0.0,0.0
103602,6.0,5.045071240083852,0.0,0.0,1.0,0.0,0.0
103603,7.0,3.4469715959971214,1.0,1.0,0.0,0.0,0.091
103604,3.0,5.986210086618886,1.0,1.0,0.0,0.0,0.0
103605,9.0,3.140496663012291,0.0,0.0,1.0,1.0,0.0
103606,5.0,4.295796905971921,0.0,0.0,0.0,0.0,0.0
103607,4.0,5.070492999746549,1.0,0.0,0.0,0.0,0.0
103608,7.0,2.088621976079298,0.0,0.0,1.0,1.0,0.0
103609,5.0,4.908725953999967,0.0,0.0,0.0,0.0,0.0
103610,1.0,3.960981754990912,1.0,1.0,1.0,0.0,0.26
103611,3.0,4.004276049678944,0.0,1.0,1.0,1.0,0.26
103612,12.0,3.077971081407134,0.0,1.0,0.0,0.0,0.091
103613,4.0,4.311870871010611,1.0,0.0,1.0,1.0,0.0
103614,5.0,3.04972487523639,0.0,1.0,1.0,0.0,0.26
103615,3.0,3.1712425106371773,0.0,0.0,0.0,1.0,0.0
103616,1.0,3.6240725434803847,1.0,0.0,1.0,0.0,0.0
103617,11.0,2.9492049008005483,1.0,1.0,0.0,1.0,-0.04
103618,8.0,5.419895697211314,1.0,1.0,0.0,0.0,0.0
103619,11.0,2.8629486443781733,1.0,0.0,0.0,1.0,-0.04
103620,10.0,3.3561966095468465,1.0,1.0,0.0,1.0,-0.04
103621,5.0,3.739331070710314,0.0,1.0,1.0,1.0,0.26
103622,6.0,4.021305796786117,0.0,1.0,0.0,1.0,0.091
103623,9.0,4.722035120019824,0.0,0.0,1.0,1.0,0.0
103624,10.0,4.7452040442492605,1.0,1.0,1.0,1.0,-0.04
103625,6.0,3.7511970160133483,0.0,1.0,0.0,1.0,0.091
103626,1.0,3.679878913481514,0.0,0.0,0.0,0.0,0.0
103627,4.0,4.049119558753496,0.0,1.0,0.0,0.0,0.091
103628,4.0,4.7485319909943255,1.0,1.0,0.0,1.0,0.091
103629,5.0,4.6374644056664795,0.0,0.0,0.0,0.0,0.0
103630,8.0,3.5640040815894563,0.0,1.0,1.0,0.0,0.26
103631,12.0,2.2572454168957323,0.0,0.0,0.0,1.0,0.0
103632,2.0,5.931405917635272,1.0,1.0,0.0,1.0,0.0
103633,5.0,4.864041238406505,1.0,0.0,0.0,1.0,0.0
103634,4.0,4.251330962038042,1.0,0.0,0.0,1.0,0.0
103635,7.0,4.319790192243383,0.0,1.0,0.0,0.0,0.091
103636,10.0,3.559434000119699,0.0,0.0,1.0,0.0,0.0
103637,12.0,3.143152940045891,0.0,0.0,1.0,0.0,0.0
103638,7.0,3.72517207253462,0.0,1.0,0.0,0.0,0.091
103639,4.0,3.821909113800375,0.0,1.0,1.0,0.0,0.26
103640,3.0,3.46892227361603,0.0,1.0,1.0,0.0,0.26
103641,10.0,2.754331333788323,1.0,0.0,0.0,0.0,-0.04
103642,1.0,3.7426587675039635,0.0,1.0,0.0,1.0,0.091
103643,2.0,4.5297449407804775,0.0,1.0,0.0,1.0,0.091
103644,1.0,3.582787323882437,0.0,0.0,1.0,0.0,0.0
103645,9.0,4.03757293343515,0.0,0.0,1.0,0.0,0.0
103646,11.0,2.2479598599701727,1.0,0.0,0.0,0.0,-0.04
103647,10.0,3.8349761865003495,0.0,0.0,0.0,0.0,0.0
103648,4.0,3.9104718363510718,1.0,0.0,0.0,0.0,0.0
103649,11.0,2.950264235244134,0.0,0.0,0.0,0.0,0.0
103650,1.0,2.5267145350119393,0.0,0.0,0.0,0.0,0.0
103651,12.0,4.383208263480385,1.0,0.0,1.0,0.0,-0.04
103652,8.0,3.308566844604675,1.0,1.0,0.0,1.0,0.091
103653,9.0,4.451261121200984,0.0,0.0,0.0,0.0,0.0
103654,2.0,3.6481962824416474,0.0,0.0,1.0,0.0,0.0
103655,12.0,4.571285215764958,1.0,1.0,1.0,1.0,-0.04
103656,5.0,3.719625644608661,1.0,1.0,0.0,0.0,0.091
103657,4.0,2.712704407251162,0.0,1.0,0.0,1.0,0.091
103658,11.0,3.9417846765417655,1.0,1.0,1.0,1.0,-0.04
103659,7.0,3.7288751691506286,0.0,1.0,1.0,1.0,0.26
103660,2.0,4.6017196606412805,0.0,0.0,0.0,1.0,0.0
103661,3.0,3.6215732697498986,1.0,1.0,0.0,0.0,0.091
103662,5.0,3.671990939420003,0.0,0.0,1.0,0.0,0.0
103663,2.0,4.78230253078179,0.0,0.0,1.0,1.0,0.0
103664,7.0,5.0560706355762814,0.0,0.0,0.0,0.0,0.0
103665,6.0,4.692703732610028,1.0,1.0,0.0,1.0,0.091
103666,8.0,4.941182862479455,1.0,0.0,1.0,0.0,0.0
103667,9.0,4.420882190741858,1.0,1.0,0.0,0.0,-0.04
103668,2.0,4.702433143830976,1.0,1.0,1.0,0.0,0.26
103669,10.0,4.798703965643265,1.0,1.0,0.0,1.0,0.0
103670,10.0,4.3760387111335275,0.0,0.0,0.0,1.0,0.0
103671,1.0,4.073798572015238,1.0,1.0,0.0,1.0,0.091
103672,10.0,4.143927488843866,1.0,1.0,1.0,0.0,-0.04
103673,12.0,6.166468195788357,1.0,0.0,0.0,1.0,0.0
103674,5.0,4.030240073652469,1.0,1.0,1.0,0.0,0.26
103675,3.0,3.8092859642449013,1.0,1.0,0.0,0.0,0.091
103676,7.0,3.697269879580493,1.0,0.0,0.0,1.0,0.0
103677,4.0,3.9886875549451024,1.0,0.0,1.0,0.0,0.0
103678,3.0,4.234382557182587,1.0,1.0,0.0,1.0,0.091
103679,10.0,3.031431531483757,1.0,1.0,0.0,0.0,-0.04
103680,8.0,2.3208410993633413,0.0,0.0,1.0,1.0,0.0
103681,11.0,4.279669218224177,0.0,1.0,1.0,1.0,0.26
103682,9.0,2.629406388975395,0.0,0.0,0.0,0.0,0.0
103683,9.0,4.247253573482721,1.0,1.0,0.0,0.0,-0.04
103684,10.0,4.142567605649038,0.0,0.0,1.0,0.0,0.0
103685,4.0,5.044084265326769,0.0,1.0,1.0,0.0,0.0
103686,2.0,5.507242590063376,1.0,0.0,0.0,1.0,0.0
103687,6.0,4.343974709376189,1.0,0.0,0.0,1.0,0.0
103688,12.0,3.531157918764478,1.0,0.0,1.0,1.0,-0.04
103689,11.0,2.9940705654239004,1.0,1.0,0.0,1.0,-0.04
103690,9.0,3.3240797929202133,1.0,1.0,1.0,1.0,-0.04
103691,5.0,4.053493767328371,0.0,0.0,1.0,0.0,0.0
103692,3.0,2.2490668458456153,1.0,1.0,0.0,1.0,0.091
103693,10.0,4.0846922380288015,1.0,0.0,1.0,0.0,-0.04
103694,6.0,4.007495044699602,1.0,0.0,1.0,1.0,0.0
103695,10.0,4.590201863569373,0.0,1.0,0.0,0.0,0.091
103696,3.0,3.723295372771505,0.0,0.0,1.0,0.0,0.0
103697,6.0,4.108413468387586,1.0,0.0,0.0,0.0,0.0
103698,10.0,3.3723912805097123,1.0,0.0,0.0,1.0,-0.04
103699,11.0,3.609803020390633,1.0,0.0,0.0,1.0,-0.04
103700,1.0,2.4905857768665745,0.0,1.0,0.0,0.0,0.091
103701,5.0,4.127529887828371,0.0,0.0,0.0,0.0,0.0
103702,4.0,5.398400972985382,1.0,1.0,1.0,0.0,0.0
103703,9.0,4.162069710487885,1.0,0.0,1.0,0.0,-0.04
103704,10.0,4.342343429347002,1.0,1.0,1.0,1.0,-0.04
103705,8.0,3.1598895208053985,0.0,0.0,1.0,0.0,0.0
103706,9.0,5.293203236210494,0.0,0.0,1.0,1.0,0.0
103707,4.0,3.3455648400816855,1.0,1.0,1.0,0.0,0.26
103708,1.0,4.730458161626121,1.0,0.0,0.0,1.0,0.0
103709,7.0,4.113094115795554,0.0,0.0,1.0,1.0,0.0
103710,1.0,3.179305275517544,1.0,1.0,1.0,0.0,0.26
103711,8.0,4.931703693292658,0.0,0.0,0.0,0.0,0.0
103712,8.0,4.031744077524124,1.0,1.0,0.0,0.0,0.091
103713,7.0,4.176323783973771,0.0,0.0,1.0,0.0,0.0
103714,11.0,4.419045285609813,1.0,1.0,1.0,0.0,-0.04
103715,2.0,3.9991452531098135,0.0,0.0,0.0,1.0,0.0
103716,5.0,3.684585676863108,0.0,1.0,0.0,1.0,0.091
103717,12.0,4.43152332080807,0.0,1.0,0.0,0.0,0.091
103718,4.0,3.6617418864098537,1.0,1.0,0.0,0.0,0.091
103719,12.0,4.075938356113279,0.0,0.0,0.0,0.0,0.0
103720,1.0,3.431942223887106,1.0,0.0,0.0,0.0,0.0
103721,1.0,2.726595708126368,0.0,1.0,1.0,0.0,0.26
103722,3.0,3.4271619263379067,1.0,0.0,1.0,0.0,0.0
103723,12.0,3.582570340676775,0.0,1.0,0.0,1.0,0.091
103724,8.0,4.031238475804206,0.0,1.0,1.0,0.0,0.26
103725,7.0,5.072249203609459,0.0,0.0,0.0,0.0,0.0
103726,2.0,2.5599382989207378,1.0,0.0,0.0,0.0,0.0
103727,2.0,4.131917309172633,0.0,1.0,1.0,1.0,0.26
103728,11.0,2.13509452655586,1.0,1.0,1.0,1.0,-0.04
103729,10.0,3.1046018558420347,0.0,0.0,0.0,1.0,0.0
103730,1.0,3.5721380038887593,0.0,0.0,1.0,0.0,0.0
103731,6.0,2.1025138467627804,1.0,1.0,0.0,0.0,0.091
103732,7.0,2.4210737315439914,1.0,1.0,0.0,1.0,0.091
103733,9.0,4.154457123189835,1.0,1.0,0.0,0.0,-0.04
103734,1.0,4.086916808305824,1.0,0.0,0.0,0.0,0.0
103735,10.0,3.917677863477177,0.0,0.0,0.0,1.0,0.0
103736,7.0,3.3137075061553776,0.0,1.0,1.0,1.0,0.26
103737,7.0,5.941564670898943,1.0,1.0,0.0,1.0,0.0
103738,5.0,3.8758332533391098,1.0,0.0,0.0,0.0,0.0
103739,1.0,3.2631204995181013,0.0,0.0,1.0,1.0,0.0
103740,12.0,5.5145943398306185,1.0,0.0,1.0,0.0,0.0
103741,10.0,4.5633603196646275,0.0,1.0,1.0,1.0,0.26
103742,10.0,3.691406532615415,1.0,0.0,0.0,0.0,-0.04
103743,9.0,5.079656254007119,0.0,1.0,1.0,0.0,0.0
103744,6.0,4.1567822953796805,0.0,1.0,0.0,0.0,0.091
103745,11.0,4.589037974998584,1.0,1.0,0.0,1.0,-0.04
103746,2.0,4.2260418139934295,1.0,1.0,1.0,0.0,0.26
103747,4.0,3.1195975675976744,1.0,0.0,1.0,0.0,0.0
103748,6.0,4.881697211083724,0.0,1.0,0.0,0.0,0.0
103749,10.0,4.160140730644174,1.0,0.0,1.0,0.0,-0.04
103750,5.0,3.1359762687624264,0.0,1.0,0.0,0.0,0.091
103751,11.0,3.3491169908203346,1.0,0.0,0.0,0.0,-0.04
103752,4.0,4.867535869269923,1.0,0.0,0.0,1.0,0.0
103753,5.0,3.6927823775656243,0.0,1.0,1.0,0.0,0.26
103754,4.0,4.059200484446787,0.0,1.0,0.0,0.0,0.091
103755,5.0,4.599186307206933,0.0,1.0,0.0,0.0,0.091
103756,10.0,4.131682912489032,1.0,1.0,1.0,0.0,-0.04
103757,5.0,2.69591930220418,0.0,1.0,0.0,1.0,0.091
103758,6.0,4.5839351241442685,0.0,1.0,1.0,0.0,0.26
103759,1.0,4.852382552333764,1.0,0.0,1.0,0.0,0.0
103760,7.0,4.788339717318854,0.0,0.0,0.0,0.0,0.0
103761,3.0,5.459396094751755,1.0,1.0,0.0,0.0,0.0
103762,6.0,4.340960951240314,1.0,1.0,1.0,0.0,0.26
103763,4.0,4.708391773325142,1.0,0.0,0.0,0.0,0.0
103764,5.0,5.434740679319363,0.0,0.0,0.0,1.0,0.0
103765,2.0,3.761859717575528,1.0,1.0,1.0,0.0,0.26
103766,6.0,5.566568138811344,1.0,0.0,1.0,0.0,0.0
103767,10.0,5.565018516275916,1.0,0.0,0.0,0.0,0.0
103768,8.0,4.713791904970883,0.0,1.0,1.0,0.0,0.26
103769,6.0,5.659210209823789,0.0,1.0,1.0,0.0,0.0
103770,11.0,4.77521735294677,1.0,1.0,0.0,1.0,0.0
103771,7.0,3.2470331258917917,1.0,1.0,0.0,0.0,0.091
103772,8.0,5.030209408678122,0.0,1.0,0.0,0.0,0.0
103773,4.0,4.307319781353384,1.0,0.0,1.0,0.0,0.0
103774,9.0,4.384677176751177,1.0,0.0,0.0,1.0,-0.04
103775,5.0,4.154953869586347,0.0,1.0,0.0,1.0,0.091
103776,3.0,5.2290166242539975,1.0,0.0,0.0,1.0,0.0
103777,10.0,4.508207646945138,0.0,0.0,0.0,1.0,0.0
103778,7.0,3.4074655910018397,0.0,1.0,0.0,0.0,0.091
103779,6.0,4.448991765200619,1.0,1.0,0.0,1.0,0.091
103780,9.0,4.665797622525639,1.0,1.0,1.0,0.0,-0.04
103781,8.0,3.381559789371278,0.0,0.0,0.0,0.0,0.0
103782,10.0,3.6358742126232233,0.0,0.0,0.0,1.0,0.0
103783,6.0,3.680773131603202,0.0,1.0,0.0,1.0,0.091
103784,12.0,3.4845470198747144,0.0,1.0,0.0,0.0,0.091
103785,7.0,4.327205580345489,0.0,0.0,0.0,1.0,0.0
103786,6.0,4.923273099074723,1.0,1.0,1.0,0.0,0.0
103787,11.0,5.7064620889105,1.0,0.0,0.0,0.0,0.0
103788,12.0,5.081448348677307,0.0,0.0,1.0,0.0,0.0
103789,4.0,4.927150266856992,0.0,0.0,1.0,0.0,0.0
103790,3.0,5.035404080980844,0.0,1.0,1.0,0.0,0.0
103791,7.0,5.207248150602968,1.0,1.0,1.0,0.0,0.0
103792,1.0,3.686343401582168,0.0,1.0,0.0,0.0,0.091
103793,9.0,4.6340071213615825,1.0,1.0,0.0,1.0,-0.04
103794,9.0,4.303623715736253,0.0,1.0,0.0,0.0,0.091
103795,2.0,3.9039558298140196,1.0,1.0,0.0,1.0,0.091
103796,4.0,3.6177536951973863,1.0,0.0,0.0,1.0,0.0
103797,12.0,3.5737026573008364,1.0,1.0,0.0,0.0,-0.04
103798,3.0,3.7818527094425254,1.0,0.0,1.0,0.0,0.0
103799,6.0,2.942861502207102,0.0,0.0,0.0,0.0,0.0
103800,9.0,4.480928609200118,0.0,0.0,1.0,1.0,0.0
103801,3.0,3.998811219725113,1.0,0.0,1.0,0.0,0.0
103802,5.0,4.111933610985343,0.0,1.0,1.0,0.0,0.26
103803,10.0,4.318234113187093,1.0,0.0,0.0,0.0,-0.04
103804,6.0,4.661923024144572,0.0,1.0,0.0,0.0,0.091
103805,10.0,3.498140656867466,1.0,0.0,0.0,1.0,-0.04
103806,1.0,3.9243057490383797,0.0,0.0,1.0,1.0,0.0
103807,8.0,2.627361058554101,1.0,1.0,0.0,1.0,0.091
103808,5.0,2.1288021739516965,0.0,1.0,1.0,0.0,0.26
103809,11.0,2.3534239802672463,0.0,1.0,1.0,0.0,0.26
103810,6.0,5.387721606273271,1.0,1.0,0.0,1.0,0.0
103811,2.0,2.446807726749425,0.0,0.0,0.0,0.0,0.0
103812,11.0,4.436879765078683,0.0,0.0,1.0,0.0,0.0
103813,7.0,5.334332812852224,1.0,0.0,0.0,0.0,0.0
103814,1.0,3.6152855214342132,1.0,0.0,1.0,0.0,0.0
103815,9.0,5.471034513236356,0.0,0.0,0.0,0.0,0.0
103816,8.0,5.6660158987801115,0.0,0.0,1.0,0.0,0.0
103817,12.0,4.858596272559272,0.0,1.0,0.0,1.0,0.0
103818,9.0,6.137507230693127,0.0,1.0,1.0,0.0,0.0
103819,8.0,4.570862438216281,0.0,0.0,0.0,0.0,0.0
103820,3.0,3.3790460612842708,0.0,0.0,0.0,0.0,0.0
103821,8.0,4.483056798868007,0.0,0.0,1.0,1.0,0.0
103822,3.0,3.6302231572510033,0.0,1.0,0.0,0.0,0.091
103823,5.0,2.8874147757906092,1.0,0.0,0.0,1.0,0.0
103824,6.0,2.9108569433947573,1.0,1.0,1.0,1.0,0.26
103825,7.0,6.086782636114557,1.0,0.0,0.0,1.0,0.0
103826,3.0,3.5467089522712683,0.0,1.0,0.0,1.0,0.091
103827,7.0,4.001951397968193,0.0,1.0,0.0,0.0,0.091
103828,4.0,3.441269969812637,1.0,1.0,0.0,1.0,0.091
103829,11.0,4.1466052430780636,1.0,0.0,1.0,0.0,-0.04
103830,12.0,3.814997300817891,0.0,1.0,0.0,0.0,0.091
103831,10.0,3.664906879325376,0.0,0.0,1.0,1.0,0.0
103832,3.0,2.971032546512678,1.0,1.0,0.0,1.0,0.091
103833,9.0,2.800384249766944,1.0,1.0,0.0,0.0,-0.04
103834,12.0,3.3751174631265597,1.0,0.0,1.0,1.0,-0.04
103835,12.0,4.2877488557272105,0.0,0.0,1.0,1.0,0.0
103836,11.0,5.882648595288397,0.0,0.0,0.0,0.0,0.0
103837,1.0,4.9665304499330585,1.0,0.0,1.0,1.0,0.0
103838,2.0,5.656563650835392,0.0,1.0,0.0,0.0,0.0
103839,10.0,4.461057357992999,0.0,1.0,0.0,0.0,0.091
103840,4.0,3.954245458930508,0.0,0.0,1.0,1.0,0.0
103841,6.0,2.8791043956324196,0.0,0.0,0.0,1.0,0.0
103842,6.0,4.034176814132737,0.0,0.0,1.0,0.0,0.0
103843,10.0,2.2018122513112792,0.0,0.0,1.0,1.0,0.0
103844,9.0,3.768218631309248,1.0,1.0,0.0,1.0,-0.04
103845,4.0,5.484997561765744,1.0,0.0,0.0,0.0,0.0
103846,10.0,4.325373494258619,0.0,0.0,0.0,0.0,0.0
103847,6.0,5.038595244152883,1.0,1.0,1.0,1.0,0.0
103848,8.0,3.6982531773172855,1.0,0.0,1.0,0.0,0.0
103849,10.0,2.8391634419335077,1.0,1.0,1.0,1.0,-0.04
103850,4.0,3.6141151600402894,0.0,0.0,0.0,0.0,0.0
103851,1.0,3.686743119777899,1.0,0.0,0.0,0.0,0.0
103852,8.0,5.109856017022714,1.0,0.0,0.0,1.0,0.0
103853,4.0,5.80009074050605,1.0,0.0,0.0,0.0,0.0
103854,4.0,3.3875088084200624,1.0,0.0,0.0,1.0,0.0
103855,6.0,3.7212986769371508,0.0,0.0,0.0,0.0,0.0
103856,11.0,3.9096268483335055,1.0,0.0,0.0,1.0,-0.04
103857,11.0,3.730962314548814,1.0,0.0,1.0,1.0,-0.04
103858,9.0,2.954987828119092,1.0,0.0,1.0,0.0,-0.04
103859,4.0,4.121418608021737,0.0,0.0,1.0,1.0,0.0
103860,12.0,4.360447346238431,1.0,1.0,0.0,0.0,-0.04
103861,10.0,4.381876667379589,0.0,1.0,0.0,0.0,0.091
103862,1.0,2.9882282295957836,1.0,0.0,0.0,0.0,0.0
103863,3.0,3.9398333769927225,1.0,0.0,1.0,0.0,0.0
103864,2.0,2.5392329732291077,1.0,1.0,0.0,0.0,0.091
103865,4.0,4.853155387183147,1.0,1.0,0.0,1.0,0.0
103866,9.0,3.149597354270372,0.0,0.0,1.0,1.0,0.0
103867,7.0,3.799402627028288,0.0,0.0,1.0,1.0,0.0
103868,2.0,3.646427479211089,0.0,1.0,0.0,0.0,0.091
103869,8.0,3.5292156984206935,0.0,1.0,1.0,0.0,0.26
103870,8.0,3.1169766845800084,1.0,1.0,0.0,0.0,0.091
103871,11.0,2.518313465825182,0.0,1.0,1.0,0.0,0.26
103872,4.0,5.588792695630217,0.0,1.0,1.0,0.0,0.0
103873,11.0,4.269929921591277,1.0,1.0,0.0,0.0,-0.04
103874,8.0,4.278960423277646,0.0,0.0,1.0,0.0,0.0
103875,4.0,5.918061756998699,1.0,1.0,0.0,1.0,0.0
103876,4.0,3.9553493166092384,1.0,0.0,0.0,0.0,0.0
103877,9.0,4.534893175741188,0.0,0.0,1.0,0.0,0.0
103878,9.0,4.063194352167875,1.0,1.0,1.0,0.0,-0.04
103879,8.0,5.101853094638984,1.0,1.0,0.0,0.0,0.0
103880,5.0,4.490338144751621,1.0,0.0,1.0,0.0,0.0
103881,5.0,4.32397200394195,1.0,1.0,0.0,0.0,0.091
103882,7.0,3.8202453973263912,0.0,0.0,1.0,0.0,0.0
103883,10.0,4.293524995937296,0.0,1.0,0.0,0.0,0.091
103884,4.0,5.081826021157445,1.0,0.0,1.0,1.0,0.0
103885,11.0,2.2684649719865915,1.0,0.0,0.0,1.0,-0.04
103886,3.0,3.9321558483033994,1.0,1.0,0.0,1.0,0.091
103887,6.0,3.6781943373914556,0.0,0.0,0.0,0.0,0.0
103888,4.0,3.7815734912284498,1.0,1.0,0.0,1.0,0.091
103889,11.0,2.3507010571209133,1.0,0.0,0.0,1.0,-0.04
103890,3.0,4.696368133153769,0.0,0.0,0.0,0.0,0.0
103891,2.0,3.305516789615341,0.0,1.0,0.0,1.0,0.091
103892,9.0,3.846504854149103,0.0,1.0,0.0,0.0,0.091
103893,2.0,3.6034020746004978,1.0,0.0,1.0,0.0,0.0
103894,12.0,2.6032240328803313,0.0,0.0,0.0,0.0,0.0
103895,10.0,3.6540068462856947,1.0,0.0,0.0,0.0,-0.04
103896,11.0,2.46093821581587,0.0,0.0,0.0,0.0,0.0
103897,4.0,3.2218127128234,0.0,0.0,0.0,0.0,0.0
103898,9.0,3.7691429115596193,1.0,0.0,0.0,0.0,-0.04
103899,8.0,4.043065419217504,0.0,0.0,0.0,1.0,0.0
103900,6.0,4.096141202836124,1.0,1.0,0.0,1.0,0.091
103901,6.0,3.9256852815711154,1.0,0.0,0.0,1.0,0.0
103902,1.0,5.956203293390012,1.0,0.0,1.0,0.0,0.0
103903,2.0,4.433508328697689,0.0,1.0,1.0,0.0,0.26
103904,2.0,2.982238055622642,0.0,1.0,1.0,1.0,0.26
103905,10.0,3.5091511426578714,0.0,1.0,1.0,0.0,0.26
103906,4.0,3.469736795998334,1.0,1.0,0.0,0.0,0.091
103907,9.0,3.8907937332806206,0.0,1.0,0.0,1.0,0.091
103908,9.0,3.516918000102536,1.0,0.0,0.0,0.0,-0.04
103909,2.0,3.2976680019298015,1.0,1.0,0.0,0.0,0.091
103910,4.0,5.51808149880532,1.0,1.0,1.0,0.0,0.0
103911,4.0,4.086441699881048,1.0,1.0,0.0,1.0,0.091
103912,2.0,3.750306055338533,0.0,0.0,1.0,1.0,0.0
103913,10.0,3.824995063662011,0.0,0.0,0.0,0.0,0.0
103914,5.0,3.8562496673882,0.0,1.0,0.0,1.0,0.091
103915,11.0,5.288687848329149,0.0,1.0,0.0,0.0,0.0
103916,11.0,4.472213957498387,0.0,0.0,0.0,0.0,0.0
103917,11.0,5.047590411127589,1.0,1.0,0.0,0.0,0.0
103918,9.0,1.4818457781688978,1.0,0.0,0.0,0.0,-0.04
103919,7.0,4.33733023724744,1.0,1.0,0.0,0.0,0.091
103920,6.0,4.990881298346534,0.0,1.0,0.0,0.0,0.0
103921,5.0,5.809997514241247,0.0,0.0,0.0,0.0,0.0
103922,8.0,4.074682651206084,1.0,1.0,0.0,0.0,0.091
103923,6.0,2.5659692129557037,1.0,1.0,1.0,1.0,0.26
103924,11.0,4.571747133907479,1.0,0.0,0.0,1.0,-0.04
103925,3.0,3.522184681892683,1.0,0.0,1.0,0.0,0.0
103926,5.0,2.5040768355376866,0.0,1.0,1.0,0.0,0.26
103927,6.0,3.505189193163095,0.0,1.0,1.0,0.0,0.26
103928,4.0,4.988975629294117,0.0,0.0,0.0,1.0,0.0
103929,3.0,5.119510264897681,0.0,1.0,1.0,1.0,0.0
103930,7.0,4.690578101316761,0.0,1.0,0.0,0.0,0.091
103931,2.0,3.1333997131730618,1.0,1.0,0.0,0.0,0.091
103932,10.0,6.299433682742075,1.0,1.0,0.0,1.0,0.0
103933,5.0,3.0295708100595604,1.0,1.0,0.0,1.0,0.091
103934,10.0,3.981573928800108,1.0,0.0,1.0,1.0,-0.04
103935,1.0,2.795499964586388,1.0,1.0,0.0,0.0,0.091
103936,10.0,5.223997413582555,1.0,1.0,1.0,1.0,0.0
103937,6.0,4.4465048363161435,1.0,1.0,1.0,0.0,0.26
103938,11.0,4.84089795263383,1.0,1.0,0.0,0.0,0.0
103939,9.0,4.13133555525563,1.0,1.0,0.0,1.0,-0.04
103940,10.0,3.991391779504462,0.0,1.0,1.0,0.0,0.26
103941,8.0,4.206393829701229,0.0,0.0,1.0,1.0,0.0
103942,2.0,2.4275370928336146,1.0,0.0,0.0,0.0,0.0
103943,12.0,4.936784742929483,1.0,1.0,1.0,1.0,0.0
103944,5.0,4.864942092672561,0.0,1.0,1.0,1.0,0.0
103945,11.0,3.707087561389495,1.0,1.0,0.0,0.0,-0.04
103946,7.0,4.0421354824611795,1.0,1.0,0.0,0.0,0.091
103947,8.0,4.319054101123591,0.0,1.0,1.0,1.0,0.26
103948,3.0,5.453663332476605,1.0,1.0,1.0,1.0,0.0
103949,11.0,4.4371546718115855,0.0,1.0,1.0,0.0,0.26
103950,10.0,4.091946376829736,1.0,1.0,1.0,0.0,-0.04
103951,6.0,3.606507772593105,1.0,1.0,1.0,0.0,0.26
103952,6.0,2.7503707195734703,0.0,0.0,1.0,0.0,0.0
103953,10.0,3.530850530574031,0.0,1.0,0.0,1.0,0.091
103954,2.0,4.118762806106873,1.0,0.0,0.0,1.0,0.0
103955,4.0,3.8333217967992423,0.0,0.0,0.0,1.0,0.0
103956,2.0,4.1231027648967205,1.0,0.0,0.0,0.0,0.0
103957,7.0,4.718895060636526,1.0,1.0,0.0,1.0,0.091
103958,5.0,4.443084442936634,1.0,0.0,0.0,0.0,0.0
103959,12.0,4.301115276933377,0.0,1.0,1.0,0.0,0.26
103960,11.0,4.640356417363795,1.0,0.0,1.0,1.0,-0.04
103961,8.0,4.2227636863997295,1.0,1.0,1.0,1.0,0.26
103962,10.0,4.030676224794686,1.0,0.0,0.0,1.0,-0.04
103963,7.0,4.474998128358598,1.0,1.0,1.0,0.0,0.26
103964,6.0,2.566020644503599,0.0,1.0,0.0,0.0,0.091
103965,10.0,5.17446657623612,0.0,0.0,1.0,0.0,0.0
103966,5.0,2.9358444038418288,1.0,1.0,0.0,1.0,0.091
103967,4.0,4.803394482955201,0.0,0.0,1.0,0.0,0.0
103968,2.0,4.070997940246464,1.0,1.0,0.0,1.0,0.091
103969,10.0,5.046217055532477,1.0,1.0,0.0,0.0,0.0
103970,10.0,4.091418593926316,1.0,0.0,0.0,0.0,-0.04
103971,1.0,3.2335570144862364,1.0,0.0,0.0,0.0,0.0
103972,11.0,5.016194254574794,0.0,0.0,0.0,0.0,0.0
103973,3.0,4.224689473132416,1.0,1.0,0.0,0.0,0.091
103974,11.0,4.166391633455739,0.0,0.0,1.0,0.0,0.0
103975,3.0,4.1335429051211925,0.0,1.0,0.0,0.0,0.091
103976,2.0,4.9529040176003765,0.0,1.0,1.0,0.0,0.0
103977,4.0,4.7892666697357145,0.0,0.0,0.0,0.0,0.0
103978,12.0,4.266588157561347,0.0,1.0,1.0,0.0,0.26
103979,12.0,2.718050312228565,1.0,1.0,1.0,1.0,-0.04
103980,8.0,3.70704298446905,0.0,1.0,0.0,0.0,0.091
103981,1.0,4.157048298328233,0.0,1.0,1.0,0.0,0.26
103982,8.0,5.665382090654275,1.0,0.0,0.0,0.0,0.0
103983,4.0,4.405075858537666,0.0,1.0,0.0,0.0,0.091
103984,9.0,3.9830253380635656,0.0,0.0,1.0,0.0,0.0
103985,7.0,5.129640203285375,1.0,1.0,0.0,0.0,0.0
103986,11.0,3.9664344523419834,1.0,0.0,1.0,1.0,-0.04
103987,9.0,4.040331883585711,1.0,1.0,0.0,0.0,-0.04
103988,4.0,4.204422677844538,1.0,1.0,1.0,0.0,0.26
103989,10.0,2.7651338918579267,0.0,1.0,0.0,0.0,0.091
103990,3.0,4.917444547889296,0.0,1.0,0.0,1.0,0.0
103991,5.0,4.443551939821178,1.0,0.0,1.0,1.0,0.0
103992,3.0,3.8166164831385965,1.0,0.0,1.0,0.0,0.0
103993,3.0,3.0684879983514235,1.0,0.0,0.0,1.0,0.0
103994,5.0,4.25557750358311,1.0,1.0,0.0,0.0,0.091
103995,11.0,5.314137967854659,1.0,0.0,1.0,1.0,0.0
103996,6.0,3.502813808373405,1.0,1.0,0.0,0.0,0.091
103997,2.0,3.138334448386126,1.0,1.0,0.0,0.0,0.091
103998,10.0,4.439589369821172,0.0,0.0,0.0,0.0,0.0
103999,1.0,2.6836682537228,0.0,1.0,0.0,0.0,0.091
